image_id,file_path
img_001,media/images/img_001.jpg
img_002,media/images/img_002.jpg
img_003,media/images/img_003.jpg
img_004,media/images/img_004.jpg
img_005,media/images/img_005.jpg
img_006,media/images/img_006.jpg
img_007,media/images/img_007.jpg
img_008,media/images/img_008.jpg
img_010,media/images/img_010.jpg
img_011,media/images/img_011.jpg
img_012,media/images/img_012.jpg
img_013,media/images/img_013.jpg
img_014,media/images/img_014.jpg
img_016,media/images/img_016.jpg
img_020,media/images/img_020.jpg
img_022,media/images/img_022.jpg
img_023,media/images/img_023.jpg
img_024,media/images/img_024.jpg
img_025,media/images/img_025.jpg
img_026,media/images/img_026.jpg
