user_id,message_id,message_opened,message_replied,reaction_time_minutes,notification_dismissed,muted_after_message,message_reported
u_011,message_0001,1,1,2,0,0,0
u_006,message_0002,1,1,2,0,0,0
u_010,message_0003,1,1,2,0,0,0
u_001,message_0004,1,1,2,0,0,0
u_003,message_0005,1,1,2,0,0,0
u_004,message_0006,1,1,2,0,0,0
u_012,message_0007,1,0,120,0,0,0
u_015,message_0008,1,0,120,0,0,0
u_035,message_0009,1,0,120,0,0,0
u_026,message_0010,1,0,120,0,0,0
u_002,message_0011,1,0,120,0,0,0
u_025,message_0012,1,0,120,0,0,0
u_001,message_0013,0,0,,1,1,0
u_001,message_0014,0,0,,1,1,0
u_006,message_0015,0,0,,1,1,0
u_006,message_0016,0,0,,1,1,0
u_007,message_0017,0,0,,1,1,0
u_007,message_0018,0,0,,1,1,0
u_005,message_0019,0,0,,1,1,0
u_011,message_0020,0,0,,1,1,0
u_012,message_0021,0,0,,1,1,0
u_012,message_0022,0,0,,1,1,0
u_009,message_0023,1,0,9,0,0,0
u_005,message_0024,0,0,,1,1,1
u_033,message_0025,0,0,,1,1,1
u_002,message_0026,0,0,,1,1,1
u_010,message_0027,0,0,,1,1,0
u_001,message_0028,0,0,,1,1,1
u_011,message_0029,1,1,2,0,0,0
u_011,message_0030,0,0,,1,1,0
u_010,message_0031,1,1,2,0,0,0
u_008,message_0032,0,0,,1,1,1
u_012,message_0033,1,0,120,0,0,0
u_007,message_0034,0,0,,1,1,0
u_028,message_0035,1,0,120,0,0,0
u_004,message_0036,1,0,120,0,0,0
u_006,message_0037,1,1,2,0,0,0
u_026,message_0038,1,0,120,0,0,0
u_001,message_0039,0,0,,1,1,0
u_001,message_0040,0,0,,1,1,0
u_010,message_0041,1,1,2,0,0,0
u_003,message_0042,0,0,,1,1,0
u_011,message_0043,1,1,2,0,0,0
u_011,message_0044,1,1,2,0,0,0
u_009,message_0045,1,0,9,0,0,0
u_024,message_0046,1,0,120,0,0,0
u_028,message_0047,1,1,2,0,0,0
u_040,message_0048,0,0,,1,1,0
u_032,message_0049,1,0,120,0,0,0
u_033,message_0050,0,0,,1,1,0
u_006,message_0051,1,1,2,0,0,0
u_007,message_0052,0,0,,1,1,0
u_009,message_0053,1,0,120,0,0,0
u_001,message_0054,1,0,120,0,0,0
u_004,message_0055,1,1,2,0,0,0
u_009,message_0056,1,0,9,0,0,0
u_001,message_0057,1,1,2,0,0,0
u_001,message_0058,1,1,2,0,0,0
u_010,message_0059,1,1,2,0,0,0
u_010,message_0060,1,1,2,0,0,0
u_010,message_0061,1,1,2,0,0,0
u_010,message_0062,1,1,2,0,0,0
u_003,message_0063,1,1,2,0,0,0
u_003,message_0064,1,1,2,0,0,0
u_032,message_0065,1,1,2,0,0,0
u_032,message_0066,1,1,2,0,0,0
u_011,message_0067,1,1,2,0,0,0
u_011,message_0068,1,1,2,0,0,0
u_013,message_0069,1,0,120,0,0,0
u_013,message_0070,1,0,120,0,0,0
u_020,message_0071,1,0,120,0,0,0
u_020,message_0072,1,0,120,0,0,0
u_008,message_0073,1,0,120,0,0,0
u_008,message_0074,1,0,120,0,0,0
u_002,message_0075,1,0,120,0,0,0
u_002,message_0076,1,0,120,0,0,0
u_001,message_0077,0,0,,1,1,0
u_001,message_0078,0,0,,1,1,0
u_003,message_0079,0,0,,1,1,0
u_003,message_0080,0,0,,1,1,0
u_035,message_0081,0,0,,1,1,0
u_035,message_0082,0,0,,1,1,0
u_007,message_0083,0,0,,1,1,0
u_007,message_0084,0,0,,1,1,0
u_009,message_0085,1,0,9,0,0,0
u_009,message_0086,1,0,9,0,0,0
u_005,message_0087,0,0,,1,1,1
u_005,message_0088,0,0,,1,1,1
u_027,message_0089,0,0,,1,1,1
u_027,message_0090,0,0,,1,1,1
u_002,message_0091,0,0,,1,1,1
u_002,message_0092,0,0,,1,1,1
u_013,message_0093,0,0,,1,1,1
u_013,message_0094,0,0,,1,1,1
u_032,message_0095,0,0,,1,1,0
u_032,message_0096,0,0,,1,1,0
u_011,message_0097,1,1,2,0,0,0
u_011,message_0098,1,1,2,0,0,0
u_011,message_0099,0,0,,1,1,0
u_011,message_0100,0,0,,1,1,0
u_002,message_0101,1,0,120,0,0,0
u_002,message_0102,1,0,120,0,0,0
u_007,message_0103,0,0,,1,1,0
u_007,message_0104,0,0,,1,1,0
u_001,message_0105,1,1,2,0,0,0
u_001,message_0106,1,1,2,0,0,0
u_008,message_0107,0,0,,1,1,1
u_008,message_0108,0,0,,1,1,1
u_012,message_0109,1,0,120,0,0,0
u_012,message_0110,1,0,120,0,0,0
u_007,message_0111,0,0,,1,1,0
u_007,message_0112,0,0,,1,1,0
u_032,message_0113,1,0,120,0,0,0
u_032,message_0114,1,0,120,0,0,0
u_033,message_0115,0,0,,1,1,0
u_033,message_0116,0,0,,1,1,0
u_004,message_0117,1,1,2,0,0,0
u_004,message_0118,1,1,2,0,0,0
u_016,message_0119,1,0,120,0,0,0
u_016,message_0120,1,0,120,0,0,0
u_014,message_0121,1,0,120,0,0,0
u_014,message_0122,1,0,120,0,0,0
u_001,message_0123,0,0,,1,1,0
u_001,message_0124,0,0,,1,1,0
u_015,message_0125,1,0,120,0,0,0
u_015,message_0126,1,0,120,0,0,0
u_015,message_0127,0,0,,1,1,1
u_015,message_0128,0,0,,1,1,1
u_011,message_0129,1,1,2,0,0,0
u_011,message_0130,1,1,2,0,0,0
u_035,message_0131,0,0,,1,1,0
u_035,message_0132,0,0,,1,1,0
u_006,message_0133,1,1,2,0,0,0
u_006,message_0134,1,1,2,0,0,0
u_007,message_0135,0,0,,1,1,0
u_007,message_0136,0,0,,1,1,0
u_001,message_0137,1,0,120,0,0,0
u_001,message_0138,1,0,120,0,0,0
u_001,message_0139,1,1,2,0,0,0
u_001,message_0140,1,1,2,0,0,0
u_011,message_0141,1,1,2,0,0,0
u_011,message_0142,1,1,2,0,0,0
u_004,message_0143,0,0,,1,1,1
u_004,message_0144,0,0,,1,1,1
u_010,message_0145,1,1,2,0,0,0
u_010,message_0146,1,1,2,0,0,0
u_005,message_0147,0,0,,1,1,1
u_005,message_0148,0,0,,1,1,1
u_011,message_0149,1,1,2,0,0,0
u_011,message_0150,1,1,2,0,0,0
u_011,message_0151,0,0,,1,1,1
u_011,message_0152,0,0,,1,1,1
u_018,message_0153,1,1,2,0,0,0
u_018,message_0154,1,1,2,0,0,0
u_014,message_0155,1,1,2,0,0,0
u_014,message_0156,1,1,2,0,0,0
u_007,message_0157,0,0,,1,1,0
u_007,message_0158,0,0,,1,1,0
u_016,message_0159,0,0,,1,1,1
u_016,message_0160,0,0,,1,1,1
u_005,message_0161,1,0,120,0,0,0
u_005,message_0162,1,0,120,0,0,0
u_040,message_0163,0,0,,1,1,1
u_040,message_0164,0,0,,1,1,1
u_037,message_0165,1,1,2,0,0,0
u_037,message_0166,1,1,2,0,0,0
u_001,message_0167,1,1,2,0,0,0
u_001,message_0168,1,1,2,0,0,0
u_010,message_0169,1,1,2,0,0,0
u_010,message_0170,1,1,2,0,0,0
u_001,message_0171,0,0,,1,1,0
u_001,message_0172,0,0,,1,1,0
u_009,message_0173,0,0,,1,1,0
u_009,message_0174,0,0,,1,1,0
u_016,message_0175,1,1,2,0,0,0
u_016,message_0176,1,1,2,0,0,0
u_003,message_0177,0,0,,1,1,0
u_003,message_0178,0,0,,1,1,0
u_011,message_0179,1,1,2,0,0,0
u_011,message_0180,1,1,2,0,0,0
u_006,message_0181,0,0,,1,1,1
u_006,message_0182,0,0,,1,1,1
u_005,message_0183,0,0,,1,1,1
u_005,message_0184,0,0,,1,1,1
u_008,message_0185,1,0,120,0,0,0
u_008,message_0186,1,0,120,0,0,0
u_007,message_0187,0,0,,1,1,0
u_007,message_0188,0,0,,1,1,0
u_011,message_0189,1,1,2,0,0,0
u_011,message_0190,1,1,2,0,0,0
u_017,message_0191,1,0,120,0,0,0
u_017,message_0192,1,0,120,0,0,0
u_003,message_0193,0,0,,1,1,0
u_003,message_0194,0,0,,1,1,0
u_009,message_0195,1,0,9,0,0,0
u_009,message_0196,1,0,9,0,0,0
u_012,message_0197,1,0,120,0,0,0
u_012,message_0198,1,0,120,0,0,0
u_009,message_0199,1,0,9,0,0,0
u_009,message_0200,1,0,9,0,0,0
u_005,message_0201,0,0,,1,1,1
u_005,message_0202,0,0,,1,1,1
u_040,message_0203,0,0,,1,1,1
u_040,message_0204,0,0,,1,1,1
u_019,message_0205,1,1,2,0,0,0
u_019,message_0206,1,1,2,0,0,0
u_016,message_0207,0,0,,1,1,1
u_016,message_0208,0,0,,1,1,1
u_006,message_0209,1,1,2,0,0,0
u_006,message_0210,1,1,2,0,0,0
u_040,message_0211,0,0,,1,1,1
u_040,message_0212,0,0,,1,1,1
u_009,message_0213,1,0,9,0,0,0
u_009,message_0214,1,0,9,0,0,0
u_011,message_0215,1,1,2,0,0,0
u_011,message_0216,1,1,2,0,0,0
u_001,message_0217,1,1,2,0,0,0
u_028,message_0218,1,1,2,0,0,0
u_029,message_0219,1,0,120,0,0,0
u_040,message_0220,0,0,,1,1,0
u_009,message_0221,1,0,9,0,0,0
u_004,message_0222,1,1,2,0,0,0
u_040,message_0223,0,0,,1,1,0
u_033,message_0224,0,0,,1,1,0
u_001,message_0225,1,0,120,0,0,0
u_001,message_0226,1,1,2,0,0,0
u_004,message_0227,1,0,120,0,0,0
u_004,message_0228,1,1,2,0,0,0
u_010,message_0229,1,0,120,0,0,0
u_010,message_0230,1,1,2,0,0,0
u_032,message_0231,1,1,2,0,0,0
u_033,message_0232,0,0,,1,1,0
u_014,message_0233,0,0,,1,1,0
u_019,message_0234,1,1,2,0,0,0
u_009,message_0235,1,0,9,0,0,0
u_013,message_0236,0,0,,1,1,1
u_011,message_0237,0,0,,1,1,1
u_028,message_0238,0,0,,1,1,1
u_001,message_0239,1,1,2,0,0,0
u_001,message_0240,1,1,2,0,0,0
u_001,message_0241,0,0,,1,1,0
u_002,message_0242,1,0,120,0,0,0
u_002,message_0243,1,1,2,0,0,0
u_002,message_0244,1,0,120,0,0,0
u_003,message_0245,1,1,2,0,0,0
u_003,message_0246,1,1,2,0,0,0
u_003,message_0247,0,0,,1,1,0
u_004,message_0248,1,1,2,0,0,0
u_004,message_0249,1,1,2,0,0,0
u_004,message_0250,1,0,120,0,0,0
u_005,message_0251,1,1,2,0,0,0
u_005,message_0252,1,0,120,0,0,0
u_005,message_0253,1,0,120,0,0,0
u_006,message_0254,1,1,2,0,0,0
u_006,message_0255,1,1,2,0,0,0
u_006,message_0256,1,0,120,0,0,0
u_007,message_0257,0,0,,1,1,0
u_007,message_0258,0,0,,1,1,0
u_007,message_0259,1,0,120,0,0,0
u_008,message_0260,1,0,120,0,0,0
u_008,message_0261,1,0,120,0,0,0
u_008,message_0262,1,1,2,0,0,0
u_009,message_0263,1,1,2,0,0,0
u_009,message_0264,1,0,9,0,0,0
u_009,message_0265,0,0,,1,1,0
u_010,message_0266,1,1,2,0,0,0
u_010,message_0267,1,1,2,0,0,0
u_010,message_0268,1,0,120,0,0,0
u_011,message_0269,1,1,2,0,0,0
u_011,message_0270,1,1,2,0,0,0
u_011,message_0271,0,0,,1,1,1
u_012,message_0272,1,0,120,0,0,0
u_012,message_0273,1,0,120,0,0,0
u_012,message_0274,1,0,120,0,0,0
u_013,message_0275,1,1,2,0,0,0
u_013,message_0276,1,1,2,0,0,0
u_013,message_0277,0,0,,1,1,1
u_014,message_0278,1,1,2,0,0,0
u_014,message_0279,1,1,2,0,0,0
u_014,message_0280,1,1,2,0,0,0
u_015,message_0281,1,0,120,0,0,0
u_015,message_0282,1,1,2,0,0,0
u_015,message_0283,0,0,,1,1,1
u_016,message_0284,1,1,2,0,0,0
u_016,message_0285,1,0,120,0,0,0
u_016,message_0286,1,1,2,0,0,0
u_017,message_0287,1,0,120,0,0,0
u_017,message_0288,1,1,2,0,0,0
u_017,message_0289,1,1,2,0,0,0
u_018,message_0290,1,0,120,0,0,0
u_018,message_0291,1,1,2,0,0,0
u_018,message_0292,1,0,120,0,0,0
u_019,message_0293,1,1,2,0,0,0
u_019,message_0294,1,1,2,0,0,0
u_019,message_0295,1,1,2,0,0,0
u_020,message_0296,1,0,120,0,0,0
u_020,message_0297,1,1,2,0,0,0
u_020,message_0298,0,0,,1,1,0
u_021,message_0299,1,0,120,0,0,0
u_021,message_0300,1,0,120,0,0,0
u_021,message_0301,0,0,,1,1,1
u_022,message_0302,1,0,120,0,0,0
u_022,message_0303,1,1,2,0,0,0
u_022,message_0304,1,1,2,0,0,0
u_023,message_0305,1,0,120,0,0,0
u_023,message_0306,1,1,2,0,0,0
u_023,message_0307,1,0,120,0,0,0
u_024,message_0308,1,0,120,0,0,0
u_024,message_0309,1,0,120,0,0,0
u_024,message_0310,1,1,2,0,0,0
u_025,message_0311,1,0,120,0,0,0
u_025,message_0312,1,0,120,0,0,0
u_025,message_0313,1,0,120,0,0,0
u_026,message_0314,0,0,,1,1,0
u_026,message_0315,0,0,,1,1,0
u_026,message_0316,1,0,120,0,0,0
u_027,message_0317,0,0,,1,1,0
u_027,message_0318,1,1,2,0,0,0
u_027,message_0319,1,1,2,0,0,0
u_028,message_0320,1,1,2,0,0,0
u_028,message_0321,0,0,,1,1,1
u_028,message_0322,0,0,,1,1,1
u_029,message_0323,1,1,2,0,0,0
u_029,message_0324,1,1,2,0,0,0
u_029,message_0325,1,0,120,0,0,0
u_030,message_0326,1,0,120,0,0,0
u_030,message_0327,1,0,120,0,0,0
u_030,message_0328,1,1,2,0,0,0
u_031,message_0329,1,1,2,0,0,0
u_031,message_0330,1,1,2,0,0,0
u_031,message_0331,1,1,2,0,0,0
u_032,message_0332,1,1,2,0,0,0
u_032,message_0333,1,0,120,0,0,0
u_032,message_0334,0,0,,1,1,1
u_033,message_0335,0,0,,1,1,0
u_033,message_0336,0,0,,1,1,0
u_033,message_0337,0,0,,1,1,0
u_034,message_0338,1,0,120,0,0,0
u_034,message_0339,1,1,2,0,0,0
u_034,message_0340,1,0,120,0,0,0
u_035,message_0341,1,0,120,0,0,0
u_035,message_0342,1,1,2,0,0,0
u_035,message_0343,1,0,120,0,0,0
u_036,message_0344,1,1,2,0,0,0
u_036,message_0345,1,0,120,0,0,0
u_036,message_0346,1,1,2,0,0,0
u_037,message_0347,1,1,2,0,0,0
u_037,message_0348,1,1,2,0,0,0
u_037,message_0349,1,0,120,0,0,0
u_038,message_0350,1,0,120,0,0,0
u_038,message_0351,1,0,120,0,0,0
u_038,message_0352,1,0,120,0,0,0
u_039,message_0353,1,1,2,0,0,0
u_039,message_0354,1,1,2,0,0,0
u_039,message_0355,1,0,120,0,0,0
u_040,message_0356,0,0,,1,1,0
u_040,message_0357,0,0,,1,1,1
u_040,message_0358,0,0,,1,1,0
u_001,message_0359,1,1,2,0,0,0
u_001,message_0360,1,0,120,0,0,0
u_001,message_0361,0,0,,1,1,1
u_004,message_0362,1,1,2,0,0,0
u_004,message_0363,1,0,120,0,0,0
u_006,message_0364,1,1,2,0,0,0
u_006,message_0365,0,0,,1,1,1
u_007,message_0366,1,0,120,0,0,0
u_007,message_0367,1,1,2,0,0,0
u_009,message_0368,1,1,2,0,0,0
u_009,message_0369,1,0,9,0,0,0
u_010,message_0370,1,0,120,0,0,0
u_010,message_0371,1,1,2,0,0,0
u_014,message_0372,1,1,2,0,0,0
u_014,message_0373,0,0,,1,1,0
u_016,message_0374,1,0,120,0,0,0
u_016,message_0375,1,1,2,0,0,0
u_019,message_0376,1,1,2,0,0,0
u_019,message_0377,1,0,120,0,0,0
u_023,message_0378,1,1,2,0,0,0
u_023,message_0379,0,0,,1,1,0
u_028,message_0380,1,1,2,0,0,0
u_028,message_0381,0,0,,1,1,1
u_032,message_0382,1,1,2,0,0,0
u_033,message_0383,0,0,,1,1,0
u_036,message_0384,1,1,2,0,0,0
u_036,message_0385,0,0,,1,1,1
u_037,message_0386,1,0,120,0,0,0
u_037,message_0387,1,1,2,0,0,0
u_040,message_0388,1,0,120,0,0,0
u_040,message_0389,0,0,,1,1,1
u_032,message_0390,1,1,2,0,0,0
u_040,message_0391,0,0,,1,1,0
u_021,message_0392,1,0,120,0,0,0
u_014,message_0393,1,1,2,0,0,0
u_003,message_0394,1,1,2,0,0,0
u_025,message_0395,1,1,2,0,0,0
u_021,message_0396,1,0,120,0,0,0
u_028,message_0397,1,1,2,0,0,0
u_037,message_0398,1,0,120,0,0,0
u_023,message_0399,1,0,120,0,0,0
u_010,message_0400,1,1,2,0,0,0
u_032,message_0401,1,0,120,0,0,0
u_007,message_0402,0,0,,1,1,0
u_006,message_0403,1,1,2,0,0,0
u_016,message_0404,1,1,2,0,0,0
u_039,message_0405,1,0,120,0,0,0
u_024,message_0406,1,0,120,0,0,0
u_005,message_0407,1,1,2,0,0,0
u_035,message_0408,1,0,120,0,0,0
u_014,message_0409,1,1,2,0,0,0
u_011,message_0410,1,1,2,0,0,0
u_005,message_0411,1,0,120,0,0,0
u_009,message_0412,1,0,120,0,0,0
